number,set_keywords,keywords,sentence,postcard,postcard_zh
0,"evening, no person, composure, vacation, travel, water, sea, relaxation, bikini","vacation, evening, no person, vacation, travel, composure, bikini, sea, water, relaxation","
This photo was taken in the evening during vacation. There is no person in the photo, just the view of the sea and water. Thephoto gives a sense of relaxation and travel.","
Hi friends,

I hope you're all doing well! I'm currently on vacation and having a great time. I'm spending my evenings relaxing and enjoying the peace and quiet. It's been really nice not having to worry about anyone or anything.

I've been doing a lot of traveling lately and I've been able to see some amazing places. I've been able to keep my composure even when things have gotten a little bit chaotic. I'm really looking forward to the rest of my vacation and hopefully I'll be able to relax even more.

I'm currently sitting on the beach, wearing my bikini and enjoying the sea and the water. It's so nice to just be able to relax and not have to worry about anything. I hope you're all having a great day and I can't wait to hear from you soon.

Take care!","嗨，朋友們， 

 希望你們都過得很好！ 我目前正在度假，度過了愉快的時光。 我的夜晚放鬆，享受和平與寧靜。 不必擔心任何人或任何事物真是太好了。 

 我最近一直在做很多旅行，並且能夠看到一些了不起的地方。 即使事情變得有些混亂，我也能保持鎮定。 我真的很期待我的休假，希望我能夠得到更多的放鬆。 

 我目前坐在海灘上，穿比基尼，享受大海和水。 能夠放鬆並且不必擔心任何事情真是太好了。 希望你們都過得愉快，我迫不及待想盡快收到您的來信。 

 小心！"
1,"sea, landscape, island, beach","island, landscape, beach, sea","
The photo is of an island with a beach and sea in the background.","
Hi friends,

I hope you're all doing well! I'm currently on an amazing island and the landscape is absolutely stunning. The beaches here are perfect and the sea is so blue. I'm having an amazing time and I can't wait to come back home and tell you all about it!

Lots of love,

Your Friend","嗨，朋友們， 

 希望你們都過得很好！ 我目前在一個令人驚嘆的島嶼上，景觀絕對令人驚嘆。 這裡的海灘很完美，大海是如此藍。 我度過了愉快的時光，我迫不及待想回家告訴大家！ 

 滿滿的愛， 

 你的朋友"
2,"travel, water, sea, summer, sun","sun, sea, summer, travel, water","
This photo was taken in the summertime near the sea. The sun is shining and the water looks very inviting. It's the perfect photo to inspire someone to travel and explore.","
Hi friends, 

I hope you're all doing well! I'm currently traveling and soaking up the sun. I'm missing all of you and can't wait to hear about what you've been up to. I hope you all get to enjoy the summer and travel as much as I am. There's nothing like a refreshing dip in the water to cool off from the heat.

Hope to hear from you soon!","嗨，朋友們， 

 希望你們都過得很好！ 我目前正在旅行並吸收陽光。 我想念你們所有人，迫不及待想听聽您的最新動態。 我希望大家都能享受夏天，並像我一樣旅行。 沒有什麼比在水中清爽的蘸料更能從熱量中冷卻了。 

 希望早日收到你的消息！"
3,"sunset, travel, island","travel, island, sunset","
This photo is of an island at sunset, most likely taken while traveling. The colors in the sky are beautiful, and the water looks calm and refreshing.","
Dear Friends,

I hope all is well with you. I'm currently traveling and am having a blast. I've been to so many amazing places and have seen some incredible sunsets. My favorite spot has been the island. It's just so beautiful here. I can't wait to come back and share all my photos with you.

Take care,

Your Friend","親愛的朋友們， 

 我希望你一切安好。 我目前正在旅行，正在爆炸。 我去過很多了不起的地方，看到了一些令人難以置信的日落。 我最喜歡的地方是島嶼。 這裡真漂亮。 我等不及要回來與您分享我的所有照片。 

 小心， 

 你的朋友"
4,"landscape, water, lifestyle, surfboarding","lifestyle, landscape, water, surfboarding","
This is a photo of a surfer riding a wave. The surfboard is brightly colored, and the water is a deep blue. The surfer is enjoying the sunny day and the beautiful landscape.","
Hi friends,

I hope you're all doing well! I'm having an amazing time here in California. The weather is perfect and the landscape is beautiful. I've been spending a lot of time at the beach, and I've even started surfboarding! It's so much fun.

I miss you all and can't wait to see you soon.

Love,

Your Friend","嗨，朋友們， 

 希望你們都過得很好！ 我在加利福尼亞度過了愉快的時光。 天氣是完美的，風景很美。 我一直在海灘上度過很多時間，甚至開始衝浪！ 很有趣。 

 我想念大家，等不及要盡快見到你。 

 愛， 

 你的朋友"
5,"water, summer, sunset, sky, relaxation, tropical","sky, tropical, sunset, relaxation, water, summer","
Tropical sunset over water. The sky is a gradient of orange and pink, with the sun just peeking out from behind the horizon. The water is still and reflective, adding to the feeling of relaxation. Perfect for summertime.","
Hi friends!

I hope you're all doing well! I'm currently in a tropical location and the sunset is so beautiful! I'm really enjoying the relaxation and the water. It feels like summer all year round here!","嗨，朋友們！ 

 希望你們都過得很好！ 我目前在熱帶地點，日落是如此美麗！ 我真的很喜歡放鬆和水。 感覺就像是整年夏天！"
6,"nature, sky, composure","nature, composure, sky, sky, nature","
This photo seems to be of nature, with a lot of composure. The sky is a beautiful blue, and there seems to be a lot of nature surrounding the photo.","

Dear Friends, 

I hope all is well with you. I've been doing very well lately. I've been spending a lot of time outdoors and it's been doing me a lot of good. I feel much more connected to nature now and I'm very thankful for that. I'm also grateful for the peace and composure that the outdoors brings me. It's been a very good change for me.

The sky has been absolutely beautiful lately. I've been really enjoying watching it. The colors are so vibrant and it's just so calming. I could stare at it for hours. I'm really glad I took the time to appreciate it.

Nature is just so incredible. I'm in awe of it every day. I'm so glad I made the decision to spend more time in it. It's definitely been worth it.

Take care,

[Your Name]","親愛的朋友們， 

 我希望你一切安好。 我最近做得很好。 我一直在戶外度過很多時間，這對我來說已經很多了。 我現在感覺到與自然的聯繫更加緊密，我非常感謝。 我也感謝戶外帶給我的和平與鎮定。 對我來說，這是一個很好的變化。 

 最近的天空絕對是美麗的。 我一直很喜歡看它。 顏色是如此的鮮豔，非常平靜。 我可以凝視它幾個小時。 我真的很高興我花時間欣賞它。 

 大自然真是不可思議。 我每天都對此感到敬畏。 我很高興我決定花更多的時間在其中。 絕對值得。 

 小心， 

 [你的名字]"
7,"sand, composure, leisure, surf, sea, relaxation, tropical","tropical, composure, relaxation, leisure, surf, sand, sea","
This is a photo of a tropical beach with the surf and sand in the foreground, and the sea in the background. The person in the photo looks relaxed and seems to be enjoying themselves, possibly on a leisurely vacation.","

Hi friends!

I'm having the best time ever in this tropical paradise! The weather is perfect and I'm feeling so relaxed and at peace. I've been spending my days lounging on the beach, surfing, and exploring the area. This is truly a place to come for some rest and relaxation. The surf, sand, and sea are amazing! I can't wait to share more pictures and stories with you all when I get back.

Hope you're all doing well!

 Tropical hugs,
Your Friend","嗨，朋友們！ 

 我在這個熱帶天堂裡度過了最美好的時光！ 天氣很完美，我感到非常放鬆和安寧。 我一直在花時間在海灘上閒逛，衝浪和探索該地區。 這確實是一個休息和放鬆的地方。 衝浪，沙子和大海很棒！ 我迫不及待地想在回來時與大家分享更多圖片和故事。 

 希望你們都過得很好！ 

  熱帶擁抱， 
 你的朋友"
8,"sea, nature, sky, seascape","sky, sea, nature, seascape","
This photo features a beautiful blue sky and sea, with some nature elements in the foreground. It's a stunning seascape that makes you feel like you're in another world.","
My friends, 

I hope all is well by you. I'm currently enjoying the most amazing views of the sky, sea, and nature. The seascape is breathtaking and I'm so lucky to be here. I wish you were all here with me to enjoy it.

All the best, 

Your Friend","我的朋友， 

 我希望你一切都好。 我目前正在欣賞天空，海洋和自然界最奇妙的景色。 海景令人嘆為觀止，我很幸運能在這裡。 我希望你們都在這裡享受它。 

 一切順利， 

 你的朋友"
9,"sea, water, ocean","sea, water, water, ocean","
This photo shows the sea with water in the ocean.","
Dear Friends, 

The sea is a beautiful and mesmerizing place. The water is so blue and 
clear and the ocean is so vast and endless. I love the sea and I'm so 
grateful to have been able to experience its wonders.","親愛的朋友們， 

 大海是一個美麗而令人著迷的地方。 水是如此藍色， 
 透明，海洋是如此巨大而無盡。 我愛大海，我是如此 
 感謝能夠體驗其奇蹟。"
10,"nature, sand, leisure, water, surf, sky, relaxation, seashore, island","sand, surf, seashore, surf, sky, nature, island, water, relaxation, leisure","
The photo is of a sandy seashore with waves crashing against the shore. The sky is a beautiful blue and the water is a deep blue. There is an island in the distance. The photo looks very relaxing and makes me feel like I am on vacation.","
Hi friends, 

The sand, surf, and seashore are incredible here! I've been surfing and exploring the island, and the water is so refreshing. It's been great to relax and enjoy some leisure time. nature is incredible on the island. I hope you all get to experience it soon!","嗨，朋友們， 

 沙子，衝浪和海濱在這裡令人難以置信！ 我一直在衝浪和探索該島，水真是令人耳目一新。 放鬆身心並享受一些閒暇時間真是太好了。 大自然在島上令人難以置信。 希望大家能盡快體驗！"
11,"nature, sand, travel, sky, beach, seashore","beach, nature, sky, travel, nature, seashore, sand","
This beautiful photo was taken at the beach, and it really captures the serene nature of the location. The sky is so clear and blue, and the sand looks so soft and powdery. It's definitely a place that I would love to travel to and explore more of.","
Hi friends, 

I hope all is well! I am currently traveling and having the time of my life. I've been to some amazing places and seen some incredible things. Recently, I had the opportunity to spend some time at the beach. It was so beautiful. The sky was so blue and the ocean was so peaceful. I really enjoyed walking along the seashore and feeling the sand between my toes. It was a great experience and I'm so glad I had the opportunity to do it.

I'm not sure when I'll be back home, but I'll be sure to let you know. In the meantime, I hope you're all doing well and enjoying life.

Take care!","嗨，朋友們， 

 我希望一切都好！ 我目前正在旅行，並度過一生。 我去過一些了不起的地方，看到了一些令人難以置信的東西。 最近，我有機會在海灘上度過一段時間。 真漂亮。 天空是如此藍，海洋是如此寧靜。 我真的很喜歡沿著海邊行走，並感覺到腳趾之間的沙子。 這是一次很棒的經歷，我很高興有機會做到這一點。 

 我不確定我什麼時候回到家，但我一定會讓您知道。 同時，我希望你們都過得愉快，享受生活。 

 小心！"
12,"evening, vacation, sun","vacation, evening, sun","
The photo shows a family on vacation in the evening. The sun is setting and the sky is a beautiful orange color. The family is smiling and happy.","
-

Hi friends!

I hope you're all doing well! I'm currently on vacation and it's been great! The weather has been perfect - sunny every day and cool in the evenings. I've been doing a lot of walking around and exploring, and it's been so much fun!

I miss you all and can't wait to hear about what's been going on with you when I get back. In the meantime, enjoy the rest of your summer!

Love,

Your Friend"," -  

 嗨，朋友們！ 

 希望你們都過得很好！ 我目前正在度假，太好了！ 天氣非常完美 - 每天晴天，晚上很酷。 我一直在走來走去和探索，這真是太有趣了！ 

 我想念大家，迫不及待想听聽我回來時發生的事情。 同時，享受夏天的其餘時間！ 

 愛， 

 你的朋友"
13,"vacation, travel, water, summer, dawn","travel, water, summer, vacation, dawn","
The photo is from my recent vacation to the water. It was taken early in the morning, at dawn. The colors are very vibrant and beautiful. I'm standing on the edge of the water, with my feet in the water. The sun is just coming up, and the sky is a beautiful blue. There are some trees in the background, and the whole scene looks very peaceful.","
Dear friends,

I hope you're all doing well! I'm so excited to be on vacation – it's been years since I've been able to travel and I'm making the most of it. The water is lovely here – I've been swimming every day since I arrived. It's just what I needed to relax and recharge.

I hope you're all able to enjoy the summer as much as I am!

Dawn","親愛的朋友們， 

 希望你們都過得很好！ 我很高興能去度假 - 自從我能夠旅行並充分利用它已經有好幾年了。 這裡的水很可愛 - 自從我到達以來，我每天都在游泳。 這正是我需要放鬆和充電的東西。 

 希望大家能夠像我一樣享受夏天！ 

 黎明"
14,"sand, travel, water, sea, hot, beach, dawn, relaxation, people","sand, hot, travel, relaxation, water, sand, beach, sea, people, dawn","
The photo is of a beach at dawn. The sand is hot and the water is relaxing. The sea is a beautiful blue and the people are enjoying the beach.","
Hi friends, 

I hope you're all doing well! I'm currently on a lovely sandy beach enjoying the hot weather and the relaxation that comes with travel. The water here is so refreshing and the sea is so calm. It's lovely to people watch at dawn and see all the different characters that come out to enjoy the beach.

Hope you're all enjoying your summer,

Your Friend","嗨，朋友們， 

 希望你們都過得很好！ 我目前在一個可愛的沙灘上，享受炎熱的天氣和旅行帶來的放鬆。 這裡的水真是令人耳目一新，大海是如此平靜。 人們在黎明時觀看，看到所有不同的角色都可以享受海灘，這真是太好了。 

 希望你們都享受夏天， 

 你的朋友"
15,"sand, turquoise, sea, sport, sun, people","sun, sand, sea, people, sun, sport, turquoise","
This color photo is of people playing volleyball on a beach. The sand is a light brown color, and the sea is a beautiful turquoise. The sun is shining and there are people sunbathing on the sand.","
Hi friends,

Hope you're all doing well! I'm currently in paradise enjoying the sun, sand and sea. The people here are so friendly and the water is just amazing - it's such a beautiful turquoise color. I've been doing a lot of swimming and playing beach volleyball - it's been so much fun!

Wish you were here with me,

Your Friend","嗨，朋友們， 

 希望你們都過得很好！ 我目前在天堂裡享受陽光，沙子和海洋。 這裡的人是如此友好，水真是太棒了 - 它是如此美麗的綠松石色。 我一直在做很多游泳和打沙灘排球 - 真是太有趣了！ 

 希望你和我在一起 

 你的朋友"
16,"fun, fair weather, water, sea, summer, sun","water, sea, summer, water, fair weather, fun, sun, sun","
This photo shows a beautiful summer day spent near the water. The sea is calm and the weather is fair, making it the perfect place to have some fun in the sun.","
Hello friends, 

I hope all is well by you. I've been having a great summer so far full of lots of fun in the sun. The weather has been beautiful and the water has been amazing. I went to the sea for a vacation and it was so much fun. I'm already looking forward to next summer. I hope you all have a great summer as well. 

Take care, 
Your Friend","大家好， 

 我希望你一切都好。 到目前為止，我一直在陽光下度過一個愉快的夏天。 天氣很美，水也很棒。 我去海度假，這很有趣。 我已經期待明年夏天。 希望大家也度過一個愉快的夏天。 

 小心， 
 你的朋友"
17,"no person, vacation, water, recreation, summer, dawn, seashore, seascape","summer, no person, seashore, dawn, water, recreation, vacation, seascape","
The photo is of a summer seascape at dawn, with no people present. The water is calm and there is a sense of vacation and recreation.","
Dear friends, 

I hope you are doing well. I am currently enjoying my summer vacation and am having a blast! I'm sure you would love it here too - the seashore is beautiful, and there's no shortage of things to do. The water is perfect for recreation, and the seascapes are gorgeous.

I'm up early today, enjoying the dawn. It's so peaceful here with no one around. I can't wait to spend the rest of my vacation here!

Take care,

Your Friend","親愛的朋友們， 

 我希望你一切都好。 我目前正在享受我的暑假，並且正在爆炸！ 我敢肯定，您也會在這裡喜歡它 - 海邊很漂亮，而且不乏事情要做。 水非常適合娛樂，海景很漂亮。 

 我今天很早就享受著黎明。 這裡沒有人，周圍沒有人。 我等不及要在這裡度過剩下的假期！ 

 小心， 

 你的朋友"
18,"dune, no person, leisure, summer, sunset, dawn","summer, sunset, dune, no person, dawn, leisure","
This is a photo of a summer sunset over a dune, with no people present. It has the feeling of dawn or leisure.","
Dear friends,

The summer sun is setting on the dunes, and there's not a person in sight. It's a beautiful dawn, and I'm feeling so leisurely. I hope you're all doing well!","親愛的朋友們， 

 夏日的陽光正落在沙丘上，看不到人。 這是一個美麗的黎明，我感到非常悠閒。 希望你們都過得很好！"
19,"landscape, composure, recreation, surf, summer, relaxation, seascape","landscape, summer, composure, relaxation, seascape, recreation, surf","
In this photo, you can see a beautiful landscape with the summer sun shining down. The scene looks very peaceful and calming, with the seascape in the background. This is a great place to relax and enjoy some recreation. The surf looks perfect for surfing or just swimming.","
Hello friends!
I hope you're all doing well! I'm having a great time here at the beach. The landscape is beautiful and the weather is perfect. I'm feeling very relaxed and composed. The seascape is stunning and the surf is great for recreation. I'm really enjoying myself here and I hope you're all able to experience something similar soon!","大家好！ 
 希望你們都過得很好！ 我在海灘上度過了愉快的時光。 景觀很美，天氣也很完美。 我感到非常放鬆和組成。 海景令人驚嘆，衝浪非常適合娛樂。 我真的很開心，希望大家能夠盡快體驗類似的東西！"
20,"nature, fair weather, vacation, sunset, dawn, beach, turquoise","dawn, nature, beach, vacation, fair weather, sunset, turquoise","
This is a photo of the nature at dawn on a beach during vacation in fair weather. The turquoise sunset is beautiful.","
 Hi friends!

I'm having a great time on my vacation. The weather has been fair and the sunsets have been beautiful. I've been spending a lot of time at the beach, and it's been wonderful. The water is so turquoise and the sunrises are just gorgeous. I'm really enjoying myself and I hope you all are doing well too.

Best,

Your Friend","嗨，朋友們！ 

 我度假愉快。 天氣很公平，日落很美。 我在海灘上度過了很多時間，真是太好了。 水是如此的綠松石，日出鮮美。 我真的很開心，希望大家也一切順利。 

 最好的， 

 你的朋友"
21,"water, surf, sea, sunset, relaxation, ocean, seashore","water, seashore, sea, ocean, relaxation, surf, seashore, sunset, ocean","
The photo is of the water at the seashore at sunset. The water is a dark blue and the sky is a light pink. The sun is setting and the waves are crashing against the shore.","
Hi friends, 

I hope you're all doing well! I'm currently soaking up the sun and enjoying the blue waters of the ocean. It's so relaxing here and I can't get enough of the sound of the waves crashing against the shore. Every day I go for a walk along the beach and watch the sunset - it's absolutely breathtaking. 

I hope you get to experience the beauty of the ocean soon too!

Lots of love, 
Your Friend","嗨，朋友們， 

 希望你們都過得很好！ 我目前正在吸收陽光，享受海洋的藍色水域。 這裡太放鬆了，我無法獲得足夠的聲音，海浪撞擊了岸。 每天我都會沿著海灘散步，看日落 - 絕對令人嘆為觀止。 

 希望您也能盡快體驗海洋的美麗！ 

 滿滿的愛， 
 你的朋友"
22,"landscape, sand, desert, vacation, surf","sand, surf, desert, surf, landscape, vacation","
This photo depicts a sandy landscape with waves crashing in the foreground. The scene looks like it could be from a desert beach or vacation spot.","
My friends,

I hope all is well with you. I've been spending some time in the desert lately and it's been really great. The landscape is beautiful and the weather is perfect. I've been doing a lot of surfing and I've been having a great time. I'm really looking forward to my vacation. I hope you all have a great time too.

Best,

Your Friend","我的朋友， 

 我希望你一切安好。 我最近在沙漠裡度過了一段時間，這真的很棒。 景觀很美，天氣也很完美。 我一直在做很多衝浪，並且度過了愉快的時光。 我真的很期待我的假期。 希望大家也度過愉快的時光。 

 最好的， 

 你的朋友"
23,"bay, sea, sky, seashore, seascape","sky, bay, sky, seascape, sea, seashore, seascape","
This photo features a beautiful sky over a bay. The sea and seashore create a lovely seascape.","
Hi friends, 
I'm having an amazing time here! The sky is so blue and the bay is so beautiful. I can't believe how stunning the seascape is. The sea is so blue and the seashore is so lovely. I'm just loving every minute of it!

Lots of love, 
Your Friend","嗨，朋友們， 
 我在這裡度過了愉快的時光！ 天空是如此藍，海灣是如此美麗。 我不敢相信海景有多奇妙。 大海是如此的藍色，海邊是如此可愛。 我只是愛它的每一分鐘！ 

 滿滿的愛， 
 你的朋友"
24,"fair weather, child, sea, summer, sunset, beach","child, sea, summer, beach, sunset, fair weather","
This photo depicts a child playing at the beach during sunset on a summer day. The weather is fair, and the sea is visible in the background.","
Dear friends,

Greetings from the sunny coastline! I hope all is well with you. We've been having a blast here at the beach. The weather has been absolutely beautiful – not a cloud in the sky. Perfect weather for swimming, sunbathing, and all around fun.

The kids have been loving it too. They've been build sand castles, chasing waves, and generally just running around like crazy. It's been so great to see them having so much fun. I think they're really going to miss this place when we have to leave.

But we're making the most of it while we can. We've been staying out late to watch the sunset, and it's just been magical. I don't think I've ever seen anything so beautiful.

I hope you're all doing well and enjoying the summer. If you get a chance, come visit us here at the beach. I think you'll love it!

Best,

Your Friend","親愛的朋友們， 

 來自陽光海岸線的問候！ 我希望你一切安好。 我們一直在海灘上爆炸。 天氣絕對美麗 - 不是天空中的雲。 游泳，曬日光浴和周圍充滿樂趣的理想天氣。 

 孩子們也一直喜歡它。 他們一直在建造沙堡，追逐海浪，通常只是瘋狂地四處奔波。 看到他們玩得很開心真是太好了。 我認為當我們不得不離開時，他們真的會錯過這個地方。 

 但是，我們可以盡力而為。 我們一直呆在夜間觀看日落，這真是神奇。 我認為我從未見過如此美麗的東西。 

 希望你們都過得很好，並享受夏天。 如果您有機會，請快來在海灘訪問我們。 我想你會喜歡的！ 

 最好的， 

 你的朋友"
25,"sunset, sun, surf","surf, sun, sunset","
This photo appears to be of a sunset at the beach. The sun is setting and the sky is a beautiful orange color. There are waves crashing against the shore.","
Hi friends,

I'm having an amazing time here at the beach. The surf is great and the sunsets are beautiful. I'm really enjoying myself and I hope you are too.

Take care,

Your Friend","嗨，朋友們， 

 我在海灘上度過了愉快的時光。 衝浪很棒，日落很美。 我真的很開心，希望你也是。 

 小心， 

 你的朋友"
26,"travel, sunset, beach","beach, sunset, travel","
This is a photo of a beach at sunset. The water is a beautiful orange color and the sky is a dark blue. There are some trees in the photo, and you can see the sun setting behind them.","
Dear friends, 

I hope you're doing well! I've been having a great time here at the beach. The sunsets are so beautiful and I've gotten to travel a lot. I wish you could be here with me!

All the best, 

[Your Name]","親愛的朋友們， 

 我希望你一切都好！ 我在海灘上度過了愉快的時光。 日落是如此美麗，我經常旅行。 我希望你可以和我在一起！ 

 一切順利， 

 [你的名字]"
27,"sea, summer, wave","summer, sea, wave","
This photo captuers the perfect summertime vibe. The blue sea is areal eye-catcher, and the waves look like they'd be perfect for surfing or swimming.","
Hi friends, 

I hope you're all doing well! I'm having a great summer so far. I've been spending a lot of time at the beach, and it's been really nice. The waves are beautiful and the weather has been perfect. I've been able to relax and enjoy myself, and I'm really grateful for that.

I hope you're all able to enjoy the summer as well. Make sure to take some time for yourselves and have some fun!

All the best,

Your Friend","嗨，朋友們， 

 希望你們都過得很好！ 到目前為止，我度過了一個愉快的夏天。 我一直在海灘上度過很多時間，而且真的很好。 海浪很美，天氣也很完美。 我已經能夠放鬆並享受自己，我真的很感激。 

 希望大家也能夠享受夏天。 確保為自己花一些時間，並獲得一些樂趣！ 

 一切順利， 

 你的朋友"
28,"bikini, seashore, seascape","bikini, seashore, seashore, seascape","
The photo is of a woman in a bikini standing on a seashore in front of a seascape.","
Hi friends,

I'm having a great time at the seashore. The weather is perfect and the scenery is beautiful. I'm wearing my new bikini and I feel fabulous. I can't wait to go for a swim. I hope you're all doing well. I'll write again soon.

Love,

Your friend","嗨，朋友們， 

 我在海邊度過了愉快的時光。 天氣很完美，風景很美。 我穿著新的比基尼，感覺很棒。 我等不及要去游泳了。 我希望你們都過得很好。 我很快再寫。 

 愛， 

 你的朋友"
29,"water, sand, seashore, beach","beach, sand, seashore, beach, water","
The photo is of a beautiful beach with soft sand and the sparkling blue water of the seashore. The sun is shining and there are people enjoying the day by walking along the beach or playing in the waves.","
- How are you? 
- I'm good. 
- I'm at the beach. 
- The sand is really hot. 
- I'm going to go in the water. 
- The water is really cold. 
- I'm going to go back on the sand. 
- I hope you're doing well. 
- I'll see you soon.","- 你好嗎？ 
 - 我很好。 
  - 我在海灘。 
  - 沙子真的很熱。 
  - 我要去水。 
  - 水真的很冷。 
  - 我要回去沙灘。 
  - 希望你一切都好。 
 - 一會兒見。"
30,"nature, sand, no person, travel, dawn, sun, seashore","sun, dawn, sand, travel, sun, nature, no person, dawn, seashore","
This photo was taken at dawn, at the seashore. The sun is just peeking over the horizon, and the sand is glowing in its light. There's a feeling of travel and adventure in the air, and the photo captures the beauty and peace of nature.","
Dear friends, 

I hope this message finds you well. I'm currently traveling and today I woke up early to see the sun rise. It was beautiful. The sky was orange and pink and the sand was cool and soft. There was no one around and it felt like I had the whole seashore to myself. It was a really wonderful experience and I'm so grateful to have been able to see it.

I hope you're all doing well and that you get to experience something as lovely as this soon.

With love,","親愛的朋友們， 

 希望此消息能找到您的狀況。 我目前正在旅行，今天我很早就醒來，看到太陽升起。 它過去挺美。 天空是橙色和粉紅色的，沙子涼爽柔軟。 周圍沒有人，感覺就像我自己擁有整個海邊。 這是一次非常棒的經歷，我很高興能夠看到它。 

 我希望你們都做得很好，並且您很快就會體驗到像這麼可愛的事情。 

 有愛，"
31,"no person, sand, sea, sunset, tropical, sun, seascape","seascape, no person, sea, sand, sun, tropical, sunset, sun","
This photo is a seascape of the sea with no person in it. All you can see is the sea, the sand, and the sun at sunset. It looks like a very tropical place.","
Dear friends, 

I hope you're all doing well! I'm currently in paradise and loving every minute of it. The seascape here is absolutely breathtaking - it's like something out of a postcard. I can't believe I'm actually here. The sand is so soft and the water is so clear. The sunsets are just magical. I feel so lucky to be able to experience all this. I'm sure you're all missing me, but I promise I'll be back soon!

Lots of love,","親愛的朋友們， 

 希望你們都過得很好！ 我目前在天堂，愛它的每一分鐘。 這裡的海景絕對令人嘆為觀止 - 就像明信片中的東西。 我不敢相信我實際上是在這裡。 沙子是如此柔軟，水很清澈。 日落很神奇。 我很幸運能夠體驗所有這些。 我確定你們都想念我，但我保證我會很快回來！ 

 滿滿的愛，"
32,"sand, freedom, composure, travel, summer, sunset, sun","summer, sand, sunset, composure, travel, freedom, sun","
This photo looks like it was taken in the summertime, based on the sand and sunset in the background. The person in the photo seems to be very composed and at peace, possibly because they're traveling and experiencing new freedoms. The sun is setting in the photo, which could be interpreted as a metaphor for the end of a journey.","
Hey friends!

I hope you're all having a great summer! I've been spending my time relaxing on the beach, watching the sunset and just enjoying the peace and freedom that comes with travel. The sun has been shining and I'm feeling incredibly relaxed and composure. I feel so lucky to be able to experience all this! 

Wish you were here with me!","嘿，朋友們！ 

 希望你們都度過一個愉快的夏天！ 我一直在花時間在海灘上放鬆身心，看著日落，只是享受旅行帶來的和平與自由。 陽光普照，我感到非常放鬆和鎮定。 我很幸運能夠體驗所有這些！ 

 希望你和我在一起！"
33,"summer, nature, water, beach","nature, water, water, summer, beach","
The photo shows a beautiful summer scene with a beach and water in the background.","
Dear Friends,

Summer is finally here and I couldn't be happier! I've been spending as much time as I can outdoors, enjoying all the beautiful nature has to offer. I've been going for lots of walks and hikes, and even swimming in some of the local lakes and rivers. The water is so refreshing and it's been such a great way to cool off in the warmer weather.

I've also been spending a lot of time at the beach. It's been so nice to relax in the sand, soak up the sun, and paddle in the waves. I'm really looking forward to spending even more time outside in the coming weeks.

Thanks for keeping in touch. I hope you're all doing well.

All the best,

Your Friend","親愛的朋友們， 

 夏天終於來了，我再也不會快樂了！ 我一直在戶外度過盡可能多的時間，享受所有美麗的大自然所能提供的。 我一直在散步和遠足，甚至在當地的一些湖泊和河流中游泳。 水是如此令人耳目一新，在溫暖的天氣中，這是一種很好的方式。 

 我還在海灘上花了很多時間。 在沙灘上放鬆，吸收陽光並在海浪中划槳真是太好了。 我真的很期待在接下來的幾週內花更多的時間在外面。 

 感謝您保持聯繫。 我希望你們都過得很好。 

 一切順利， 

 你的朋友"
34,"landscape, dusk, vacation, summer, sky, beach, relaxation, tropical","beach, sky, tropical, vacation, summer, relaxation, landscape, dusk","
The photo is of a beach at dusk. The sky is a beautiful tropical blue, and the landscape is of palm trees and white sand. This is the perfect photo to describe a summer vacation, and it makes you feel very relaxed.","
Hi friends,

I hope you're all doing well! I'm currently on vacation in a tropical location and it's been absolutely amazing. The weather has been perfect and the landscape is breathtaking. I've been spending my days relaxing on the beach and exploring the local area. The evenings have been beautiful, with the sky turning a stunning pink color as the sun sets. I'm really loving it here and I'm sure I'll be sad to leave when the time comes.

Hope you're all enjoying the summertime!

All the best,

Your Friend","嗨，朋友們， 

 希望你們都過得很好！ 我目前在熱帶地點度假，這絕對是驚人的。 天氣非常完美，風景令人嘆為觀止。 我一直在度過海灘上放鬆身心並探索當地。 晚上很美，天空變成了令人驚嘆的粉紅色。 我在這裡真的很喜歡它，我敢肯定，當時間到來時，我會很難過。 

 希望你們都喜歡夏季！ 

 一切順利， 

 你的朋友"
35,"sand, water, sea, summer, sky, seashore, people, pet","sand, seashore, people, sea, water, pet, summer, summer, sky","
The photo is of a sand seashore with people in the sea water. There is a pet in the summer sky.","
Hi Friends,

I hope you're all doing well! I'm having a great time here at the beach. The sand is so soft and the water is so blue. There are so many people here, but it's still so relaxing. I even saw a sea turtle earlier! I'm really enjoying my summer vacation.

The sky is so clear and the sun is so bright. I can't wait to spend the rest of the day here. I hope you're all having a great summer too!

Love,

[Your Name]","嗨，朋友們， 

 希望你們都過得很好！ 我在海灘上度過了愉快的時光。 沙子是如此柔軟，水是如此藍。 這裡有很多人，但仍然很放鬆。 我什至早些時候看到了一隻海龜！ 我真的很喜歡暑假。 

 天空是如此晴朗，太陽是如此明亮。 我等不及要在這裡度過剩下的一天。 我希望你們也度過一個愉快的夏天！ 

 愛， 

 [你的名字]"
36,"evening, nature, sea, wind, seascape","nature, seascape, wind, sea, evening","
This photo is a nature seascape taken in the evening. You can see the wind blowing the sea.","
Hi Friends, 

I hope all is well by you. I am currently in a place called Valencia and the nature here is absolutely stunning. The seascape is so beautiful and the wind is really strong but it's sea is so nice. The evening here is really pleasant too. I am really enjoying my time here.","嗨，朋友們， 

 我希望你一切都好。 我目前在一個叫瓦倫西亞的地方，這裡的大自然絕對令人驚嘆。 海景是如此美麗，風確實很強，但海洋是如此的好。 這裡的晚上也真的很愉快。 我真的很喜歡在這裡的時間。"
37,"landscape, love, surf, sea, dawn, seascape","seascape, surf, love, dawn, sea, landscape","
This photo is a beautiful seascape of the surf at dawn. You can see the love and peace in the scene, with the sea in the landscape.","
Hi friends!

I hope you're all doing well! I'm having a great time here at the beach. The surf is fantastic and the landscape is beautiful. I'm definitely in love with this place!

I'm getting up early tomorrow to watch the sunrise over the sea. I'm really looking forward to it. I'm sure it will be an amazing experience.

I hope you all have a wonderful day!

Love,

Your friend","嗨，朋友們！ 

 希望你們都過得很好！ 我在海灘上度過了愉快的時光。 衝浪很棒，風景很美。 我肯定愛上了這個地方！ 

 我明天早起，觀看海上的日出。 我真的非常期待。 我敢肯定這將是一次了不起的經歷。 

 希望大家度過美好的一天！ 

 愛， 

 你的朋友"
38,"evening, fair weather, water, summer, sunset, relaxation, beach, seashore","fair weather, sunset, seashore, beach, summer, evening, relaxation, water","
The photo depicts a beautiful summer evening at the seashore. The colors are very calming, with the pinks and oranges of the sunset reflecting off of the water. This is a perfect photo to look at when you need to relax.","
Hi friends!

I hope all is well with you. I'm having a great time here in the fair weather and enjoying the beautiful sunset over the seashore. The beach is really lovely in the summer evenings and it's so relaxing to just sit and listen to the sound of the water.

Hope to talk to you soon,

Your friend","嗨，朋友們！ 

 我希望你一切安好。 我在天氣晴朗的天氣裡度過了愉快的時光，並享受海邊美麗的日落。 在夏季晚上，海灘真的很可愛，只是坐下來聽水的聲音真是太放鬆了。 

 希望盡快與您交談， 

 你的朋友"
39,"seashore, tropical, beach","seashore, beach, tropical","
The photo appears to be of a seashore or beach in a tropical location. The sand is white and the water is a deep blue. There are palm trees and other tropical plants in the photo. The sky is a bright blue with some clouds.","
Dear friends, 

I hope you are all doing well! I am currently at the seashore and it is absolutely beautiful here. The beach is so clean and the water is so clear. I feel like I am in a tropical paradise. I wish you were all here with me so we could enjoy this place together.

I hope to hear from you soon.

Sincerely,

Your friend","親愛的朋友們， 

 希望大家一切都好！ 我目前在海邊，這裡絕對美麗。 海灘是如此乾淨，水很清澈。 我覺得自己在熱帶天堂。 我希望你們都和我在一起，以便我們一起享受這個地方。 

 我希望能很快收到你的回信。 

 真摯地， 

 你的朋友"
40,"surf, summer, sunset, ocean, tropical","summer, surf, tropical, ocean, sunset","
The photo is of the ocean at sunset with waves crashing against the shore. The photo is taken in the summertime, and the colors are very tropical and vibrant.","
Dear friends,

What a summer it's been! I feel so lucky to have been able to spend so much time at the beach. Surfing, swimming, and just soaking up the sun... it's been incredible. I've never felt so relaxed and happy.

And the evenings have been just as magical. Sitting on the beach, watching the sun set over the ocean... it's truly stunning. I can't believe how lucky I am to be able to experience all this.

I hope you're all doing well and that you're able to enjoy the summer too. Tropical weather like this is amazing!

All the best,

Your Friend","親愛的朋友們， 

 真是個夏天！ 我很幸運能夠在海灘上度過這麼多時間。 衝浪，游泳，只是吸收陽光……真是不可思議。 我從未感到如此放鬆和快樂。 

 晚上也是如此神奇。 坐在海灘上，看著太陽落在海洋上……真是太棒了。 我不敢相信能夠體驗所有這一切多麼幸運。 

 我希望你們都過得很好，並且也能夠享受夏天。 像這樣的熱帶天氣真是太棒了！ 

 一切順利， 

 你的朋友"
41,"idyllic, no person, sky, beach, tropical","tropical, no person, idyllic, beach, sky","
The photo is of an idyllic beach with a tropical sky and no people.","

Hey friends!

I'm currently in paradise! It's so beautiful here, there's not a person in sight and the beach is idyllic. The sky is a perfect shade of blue and the sun is shining bright. I'm having the time of my life!

Hope you're all doing well,

Your Friend","嘿，朋友們！ 

 我目前在天堂！ 這裡是如此美麗，沒有一個人，海灘是田園詩般的。 天空是藍色的完美陰影，陽光明媚。 我有一生的時光！ 

 希望你們都過得很好， 

 你的朋友"
42,"no person, vacation, travel, water, summer, sunset, sky","summer, vacation, sky, water, travel, sunset, vacation, no person","
This is a photo of the sky and water during sunset on a summer vacation. There are no people in the photo.","
Hey friends, 
I hope all is well! I'm currently on summer vacation and it's been so nice. The weather has been amazing and I've been able to spend so much time outdoors. Yesterday I went to the beach and it was so relaxing to sit in the sun and listen to the waves. I'm really looking forward to the rest of my vacation and getting to travel a bit. I hope you're all having a great summer!","嘿，朋友， 
 我希望一切都好！ 我目前正在暑假，真是太好了。 天氣真是太好了，我能夠在戶外花費很多時間。 昨天我去了海灘，坐在陽光下聽海浪真是太放鬆了。 我真的很期待我的剩下的假期，並開始旅行。 希望你們都度過一個愉快的夏天！"
43,"sand, composure, travel, surf, summer, sky, tropical","travel, sky, summer, sand, surf, composure, travel, tropical, sky","
This photo was taken while traveling, and it captures the vast sky and summery feel of the location. The sand and surf in the foreground give a sense of the tropical setting, while the composition of the photo creates a feeling of tranquility.","
Dear Friends, 

I hope all is well by you! I am currently traveling and it has been amazing. I have seen some of the most beautiful skies and landscapes. The summer weather has been perfect for spending time at the beach. The sand and surf are so calming and really give me a sense of composure. I feel so lucky to be able to travel to such amazing and tropical places. The sky here is so blue and the sun is always shining. I feel like I am on top of the world!

Hope to talk to you soon,

[Your Name]","親愛的朋友們， 

 我希望你一切都好！ 我目前正在旅行，這真是太神奇了。 我看到了一些最美麗的天空和風景。 夏季天氣非常適合在海灘上度過時光。 沙子和衝浪是如此平靜，真的給我帶來了鎮定的感覺。 我很幸運能夠去如此令人驚嘆的熱帶地點。 這裡的天空是如此藍，太陽總是閃閃發光。 我覺得我在世界之巔！ 

 希望盡快與您交談， 

 [你的名字]"
44,"sea, travel, sun, seascape","sun, seascape, travel, sea, sea","
This is a photo of the sun setting over the sea. The waves are crashing against the shore and the sky is a beautiful orange color. This is a perfect photo to represent travel and the beauty of the natural world.","
Hi friends!

I'm having an amazing time here by the sea. The sun is shining and the seascape is beautiful. I'm so glad I got to travel here and experience the sea. It's been an incredible experience and I can't wait to share it with you all.","嗨，朋友們！ 

 我在海邊度過了愉快的時光。 陽光明媚，海景很美。 我很高興能夠在這裡旅行並體驗大海。 這是一次令人難以置信的經歷，我迫不及待地想與大家分享。"
45,"sand, composure, travel, child, sea, bikini, beach, ocean, seascape","sea, sand, composure, ocean, travel, sand, seascape, bikini, beach, child","
The photo is of the sea with sand in the foreground. The ocean is very calm and serene. There is a travel bag and a bikini lying on the sand. There is a small child playing on the beach.","
Dear friends,

The sea is one of the most beautiful things in the world. The sand is so white and the water is so blue. It's so peaceful and calming. I love to travel and see different beaches. The seascapes are amazing. I love to see the different colors of the sand and the different types of coral. The bikini is my favorite part of the beach. I love to feel the sand between my toes and the sun on my skin. The beach is a great place to relax and enjoy the company of friends. I hope you have a great day.

Sincerely,

Your friend","親愛的朋友們， 

 大海是世界上最美麗的事物之一。 沙子是如此的白色，水是如此藍。 這是如此和平與平靜。 我喜歡旅行，看到不同的海灘。 海景很棒。 我喜歡看到沙子的不同顏色和不同類型的珊瑚。 比基尼是我最喜歡的海灘部分。 我喜歡感覺到腳趾和皮膚上的太陽之間的沙子。 海灘是放鬆和享受朋友的好地方。 祝你今天愉快。 

 真摯地， 

 你的朋友"
46,"no person, composure, water, sea, summer, sunset, relaxation, ocean, seashore","water, sunset, ocean, no person, summer, sea, seashore, relaxation, composure, water","
This photo is of an ocean at sunset with no people present. The sea is calm and the colors are very tranquil. This would be a great place to relax and enjoy the summer.","
Hey friends!

I'm having the best time ever at the beach! The water is so refreshing and the sunset is just beautiful. I'm feeling so relaxed and composed. I wish you were here with me to enjoy the ocean and the seashore. It's just the perfect summer getaway.

Lots of love,","嘿，朋友們！ 

 我在海灘上度過了最美好的時光！ 水是如此令人耳目一新，日落很美。 我感到很放鬆和組成。 我希望你和我一起在這裡享受海洋和海濱。 這只是一個完美的夏日。 

 滿滿的愛，"
47,"no person, sunset, sky, beach, island, seascape","seascape, sky, no person, beach, island, sunset","
In this photo, you can see a beautiful seascape with a stunning sky. The photo is taken from the beach, looking out onto an island with a spectacular sunset. There are no people in the photo, making it feel very peaceful.","
Hi friends,

I hope you're all doing well! I'm currently on a beach on an island, and the view is absolutely stunning. The seascape is beautiful, and the sky is a gorgeous shade of orange from the sunset. I'm so lucky to be here! I wish you were all here with me to enjoy it.

All the best,

Your Friend","嗨，朋友們， 

 希望你們都過得很好！ 我目前在一個島上的海灘上，景色絕對令人驚嘆。 海景是美麗的，天空是日落的橙色。 我很幸運能來到這裡！ 我希望你們都在這裡享受它。 

 一切順利， 

 你的朋友"
48,"no person, vacation, travel, water, seascape, ocean, tropical","travel, ocean, vacation, water, tropical, seascape, water, no person, ocean, no person","
This is a stunning photo of the ocean with beautiful blue water and no people in sight. It looks like a perfect spot to Vacation and relax. The seascape is breathtaking and makes you feel like you're in a tropical paradises.","
Hey friends!

I hope all is well by you. I'm currently on vacation and loving every minute of it. The ocean is so beautiful and I'm really enjoying the seascape. I'm glad I got to experience it without any people around. It's really peaceful and calming.

I hope you all get to experience something similar soon. In the meantime, enjoy the warmer weather!

Cheers,

Your Friend","嘿，朋友們！ 

 我希望你一切都好。 我目前正在度假，喜歡它的每一分鐘。 海洋是如此美麗，我真的很喜歡海景。 我很高興能在沒有周圍的人的情況下體驗它。 這確實是和平與平靜的。 

 希望大家能盡快體驗類似的事情。 同時，享受溫暖的天氣！ 

 乾杯， 

 你的朋友"
49,"sunset, lifestyle, fair weather, sky","fair weather, lifestyle, sky, sunset","
This photo was taken on a fair weather day, and it captures a lifestyle moment as the sun sets in the sky.","
Hi friends!

I hope all is well with you. Here, it has been fair weather lately and the lifestyle is great. The sky is so blue and the sunsets are beautiful.

Take care!","嗨，朋友們！ 

 我希望你一切安好。 在這裡，最近天氣很晴朗，生活方式很棒。 天空是如此的藍色，日落很美。 

 小心！"
50,"vacation, sun, seashore, sand","sun, vacation, seashore, sand","
In the photo, the sun is shining brightly over the seashore. The sand is hot to the touch, and the waves crashing against the shore are the perfect backdrop for a relaxing vacation.","
Hi friends,

I hope you're all doing well! I'm on vacation right now and it's so nice. I'm at the seashore and the sun is shining. I love feeling the sand between my toes.

I hope you all have a great day!

Love,

[Your Name]","嗨，朋友們， 

 希望你們都過得很好！ 我現在正在度假，真是太好了。 我在海邊，陽光明媚。 我喜歡感覺到腳趾之間的沙子。 

 希望大家過得愉快！ 

 愛， 

 [你的名字]"
51,"girl, sea, summer, sun, ocean, tropical","girl, sea, sea, tropical, sun, summer, ocean, sea, sun","
There is a girl standing on a sun-soaked beach, her toes just sinking into the sand as she looks out at the vast ocean. The pristine blue water is clear and still, the sun shining brightly off its surface. Behind her, palm trees and other tropical vegetation rustle in the gentle breeze. It looks like the perfect summer day.","
Hi friends,

I hope you're all doing well! I'm having an amazing time here at the beach. The sun is shining and the ocean is so beautiful. I'm loving every minute of it!

I hope you can come and join me here soon. We can sunbathe, swim in the sea, and just have an all around good time. I can't wait to see you!

Love,

Your Friend","嗨，朋友們， 

 希望你們都過得很好！ 我在海灘上度過了愉快的時光。 陽光明媚，海洋是如此美麗。 我愛它的每一分鐘！ 

 希望您能盡快加入我。 我們可以曬日光浴，在海裡游泳，並在愉快的時光周圍度過一片。 我等不及要見你了！ 

 愛， 

 你的朋友"
52,"nature, landscape, surf, sunset, people, tropical","tropical, people, sunset, landscape, sunset, nature, surf","
The photo is of a sunset over a tropical landscape, with people surfing in the foreground.","
Dear Friends, 

I hope all is well with you. I'm currently in a little town called Jaco on the Central Pacific coast of Costa Rica. It's a pretty popular destination for surfers from all over the world because of the amazing waves. But even if you're not into surfing, the landscape here is stunning. Sitting on the beach and watching the sunset is an experience I will never forget. 

The people here are also some of the nicest I've ever met. If you ever have a chance to come to Costa Rica, I highly recommend it. I think you would love it here. 

Well, I should probably go. I just wanted to drop you a quick note to let you know I'm thinking of you and I hope to see you soon. 

Take care!","親愛的朋友們， 

 我希望你一切安好。 我目前在哥斯達黎加中太平洋海岸的一個小鎮叫雅可。 由於浪潮，這是來自世界各地的衝浪者的最受歡迎的目的地。 但是，即使您不喜歡衝浪，這裡的景觀也令人驚嘆。 坐在海灘上看日落是我永遠不會忘記的經歷。 

 這裡的人也是我見過的最好的人。 如果您有機會來哥斯達黎加，我強烈建議您來。 我想你會在這裡喜歡它。 

 好吧，我應該走。 我只是想給您簡單的筆記，讓您知道我在想您，希望很快能見到您。 

 小心！"
53,"sea, travel, water, tropical","sea, tropical, water, travel","
The photo is of the sea in a tropical location. The water is a deep blue color and the waves are crashing onto the shore. The photo is taken from a distance, making the scene look like a postcard.","
Hi friends!

I hope all is well with you! I'm currently enjoying the most gorgeous weather in a tropical paradise. The water is so warm and crystal clear. I feel so lucky to be able to travel and see all these amazing places.

I hope you're all doing well and that we can catch up soon.

Xoxo","嗨，朋友們！ 

 我希望你一切安好！ 我目前在熱帶天堂中享受最美麗的天氣。 水是如此溫暖和晶體清澈。 我很幸運能夠旅行並看到所有這些驚人的地方。 

 希望你們都過得很好，我們可以盡快趕上。 

 xoxo"
54,"summer, nature, wave","nature, wave, summer","
This photo is of a nature scene with a large wave in the background. It looks like it was taken during the summer.","

Dear friends,

I hope you're all doing well! I'm having a great summer so far and enjoying all the lovely weather. I've been doing lots of nature walks and spending time at the beach, where I've been able to get some nice wavewatching in.

All in all, it's been a really relaxing and enjoyable few months. I hope you've all been able to take some time for yourselves and enjoy the summer as well!

Take care,

Your Friend","親愛的朋友們， 

 希望你們都過得很好！ 到目前為止，我度過了一個愉快的夏天，享受著所有可愛的天氣。 我一直在做很多大自然的散步，並在海灘上度過時光，在那裡我能夠在那裡獲得一些不錯的波動。 

 總而言之，這是一個非常輕鬆愉快的幾個月。 希望您所有人都可以花一些時間來享受夏天！ 

 小心， 

 你的朋友"
55,"summer, travel, flying","travel, flying, summer","
This photo shows a person flying through the air against a backdrop of summer scenery.","
Hi friends,

I hope all is well! I've been having a great summer and have been doing a lot of traveling. I've been to so many places and have seen some amazing things. I've also been doing a lot of flying and have gotten to see some great views from up above.

I'm really loving the summer weather and am enjoying every minute of it. I hope you're all having a great summer as well!

Talk to you soon,

Your Friend","嗨，朋友們， 

 我希望一切都好！ 我度過了一個愉快的夏天，一直在旅行很多。 我去過很多地方，看到了一些驚人的事情。 我也一直在做很多飛行，並從上面看到了一些美景。 

 我真的很喜歡夏天的天氣，並且喜歡它的每一分鐘。 我希望你們也度過一個愉快的夏天！ 

 以後再聊， 

 你的朋友"
56,"nature, surf, summer, cloud, beach, dawn, sky, seascape","cloud, summer, sky, beach, dawn, nature, seascape, surf","
This photo is of a cloud at summer sky over the beach at dawn. Nature's landscape is of the seascape with the surf.","
Dear Friends, 

I hope you're all doing well! I've been having an incredible summer so far. I've spent a lot of time outdoors, exploring nature and admiring the beauty of the world around me. I've especially enjoyed spending time at the beach, watching the sunrise and marveling at the seascapes. The sound of the waves crashing against the shore is so calming and the fresh air is invigorating. I've also been enjoying the company of friends and family, and creating memories that will last a lifetime.

I hope you're all able to enjoy the summer weather and make the most of it!

Best, 

(Your name)","親愛的朋友們， 

 希望你們都過得很好！ 到目前為止，我一直在度過一個令人難以置信的夏天。 我在戶外度過了很多時間，探索大自然，並欣賞周圍世界的美麗。 我特別喜歡在海灘上度過時光，看著日出並驚嘆於海景。 海浪撞擊岸上的聲音是如此平靜，新鮮空氣令人振奮。 我也一直在享受朋友和家人的陪伴，並創造將持續一生的回憶。 

 希望大家都能夠享受夏季的天氣並充分利用它！ 

 最好的， 

 （你的名字）"
57,"nature, sand, travel, sun, seashore","nature, sun, nature, sand, seashore, travel","
This photo is of nature, with the sun shining and the sand on the seashore. It looks like a travel photo.","
Hello my friends!

I hope all is well with you. I've been having a great time here at the beach. The sun has been shining and the weather has been beautiful. I've been able to spend a lot of time outdoors, enjoying the sand and the seashore. I've been able to do some travel- ing as well, and I've seen some amazing sights.

I'm not sure when I'll be back home, but I'll be sure to write again soon. In the meantime, enjoy the summer and all the wonderful things that come with it.

Take care!","朋友們大家好！ 

 我希望你一切安好。 我在海灘上度過了愉快的時光。 陽光普照，天氣很美。 我能夠在戶外度過很多時間，享受沙子和海邊。 我也能夠進行一些旅行，並且看到了一些驚人的景象。 

 我不確定我什麼時候回到家，但是我一定會很快再寫。 同時，享受夏天以及隨之而來的所有美好事物。 

 小心！"
58,"sun, summer, ocean, seascape","summer, ocean, seascape, summer, sun","
In this photo, it looks like it was taken during the summertime by the ocean. You can tell by the waves and seascape in the background. The sun is beaming down on whoever is in the photo.","
Hi friends,

I hope you're all having a great summer! I've been spending a lot of time at the ocean and it's been so refreshing. The seascapes here are beautiful and the sunsets are stunning. I'm really enjoying my summer and I hope you are too!

Take care,

Your Friend","嗨，朋友們， 

 希望你們都度過一個愉快的夏天！ 我一直在海洋上度過很多時間，而且令人耳目一新。 這裡的海景很美，日落令人驚嘆。 我真的很享受我的夏天，希望你也是！ 

 小心， 

 你的朋友"
59,"idyllic, leisure, sky, beach, tropical","idyllic, beach, sky, tropical, leisure, sky","
This is an idyllic photo of a beach with a beautiful tropical sky. The leisurely atmosphere is perfect for a relaxing day.","

Hi friends!

I hope all is well by you. I'm currently in an idyllic beach location and the sky is so beautiful and tropical. I'm enjoying some leisure time here before I have to head back home.

I hope you're all doing well and that you get a chance to relax and enjoy the summer skies soon!

Best,

Your Friend","嗨，朋友們！ 

 我希望你一切都好。 我目前在田園詩般的海灘地點，天空是如此美麗和熱帶。 在我必須回家之前，我在這裡享受一些閒暇時光。 

 希望你們都做得很好，並有機會放鬆身心並儘快享受夏天的天空！ 

 最好的， 

 你的朋友"
60,"vacation, travel, child, summer, relaxation","child, relaxation, summer, vacation, travel","
This photo shows a young child enjoying a moment of relaxation during a summer vacation. The child is sitting on a beach towel, with a beautiful ocean view in the background. This image captures the carefree spirit of summer travel.","
Hello my friends,

I hope you're all doing well! I'm having a great summer so far. I've been able to relax and travel a bit. Vacation is always nice. I'm glad I can still enjoy my summers, even though I'm not a child anymore.

All the best,

Your Friend","朋友們大家好， 

 希望你們都過得很好！ 到目前為止，我度過了一個愉快的夏天。 我能夠放鬆並旅行。 假期總是很好。 我很高興我仍然可以享受夏天，即使我不再是孩子。 

 一切順利， 

 你的朋友"
61,"no person, dusk, fair weather, leisure, travel, surf, summer","leisure, summer, dusk, travel, fair weather, surf, no person","
The photo depicts a surfer at dusk in fair weather. There is no person in the photo.","
Hi friends, 

Hope you're all doing well! I'm currently enjoying a lovely summer evening - the weather is gorgeous and there's a nice breeze blowing. I'm really looking forward to my upcoming travel plans; I'm going to check out some new places and hopefully find some good waves to surf. I hope you all get to enjoy some fair weather and good times this summer too!

All the best, 
","嗨，朋友們， 

 希望你們都過得很好！ 我目前正在享受一個愉快的夏日夜晚 - 天氣太好了，微風吹拂。 我真的很期待即將到來的旅行計劃； 我將檢查一些新地方，並希望能找到一些好海浪沖浪。 希望大家在今年夏天也能享受美好的天氣和美好的時光！ 

 一切順利，"
62,"fair weather, storm, vacation, leisure, turquoise, summer, sun, people, seascape","vacation, seascape, sun, turquoise, summer, people, leisure, summer, storm, fair weather","
This photo was taken on vacation at the seascape. The sun was setting and the turquoise water looked beautiful. There were people enjoying the summer weather and the fair weather.","
Hi friends!

I hope you're all doing well! I'm currently on vacation and the view is amazing. The seascape is so beautiful and the sun is shining. The water is such a beautiful turquoise color and the summer weather is perfect. There are so many people here enjoying their leisure time and the summer vibe is strong. Even though there's a storm brewing, the fair weather is holding out and I'm having a great time!

Hope you're all having a great summer!

Best,

[Your Name]","嗨，朋友們！ 

 希望你們都過得很好！ 我目前正在度假，景色很棒。 海景是如此美麗，陽光明媚。 水是如此美麗的綠松石色，夏季的天氣非常理想。 這裡有很多人喜歡他們的閒暇時間，夏天的氛圍很強。 即使有風暴釀造，天氣晴朗，我度過了愉快的時光！ 

 希望大家度過一個愉快的夏天！ 

 最好的， 

 [你的名字]"
63,"desert, water, surf, sunset, sun, seashore","desert, sunset, sun, water, seashore, sun, surf","
This photo is a beautiful desert sunset over the water at the seashore. The sun is setting behind the surf, and the sky is a beautiful orange.","
Dear Friends,

I'm having a wonderful time here in the desert! The sunsets are absolutely gorgeous, and the water is so refreshing. I even got to go for a walk on the seashore this morning and watch the sun rise. The surf was really rough today, but it was still fun to watch. I hope you're all doing well and I can't wait to see you soon!","親愛的朋友們， 

 我在沙漠中度過了愉快的時光！ 日落絕對華麗，水是如此令人耳目一新。 今天早上，我什至要去海濱散步，看著太陽升起。 今天的衝浪真的很艱難，但是觀看仍然很有趣。 希望你們都過得很好，我等不及要盡快見到你！"
64,"nature, vacation, travel, tropical","travel, vacation, tropical, nature","
A photo of a beautiful sandy beach with clear blue water and palm trees in the background. The sun is shining and the sky is clear.","
Hey friends!

I'm on vacation in a tropical place and it's been amazing! The nature here is incredible and I've been having a great time. I'm really enjoying myself and I hope you're all doing well. I'll talk to you soon.","嘿，朋友們！ 

 我在熱帶地區度假，真是太神奇了！ 這裡的大自然令人難以置信，我度過了愉快的時光。 我真的很開心，希望你們一切都好。 我會盡快與您交談。"
65,"nature, composure, summer, hot, relaxation, tropical, seascape","summer, hot, relaxation, nature, seascape, composure, tropical","
In the photo, it is summertime and very hot. The person in the photo is relaxing and enjoying nature. The seascape is tropical and calming. The person in the photo has a sense of composure.","
Hello friends!

I hope all is well by you. I'm having a blast here in the summer sun. It's so hot, but it's the perfect weather for relaxation. I've been spending a lot of time outdoors, enjoying nature. The seascapes here are beautiful, and they always help me to find my composure. It's like a little taste of paradise. I hope you're all doing well and that you get to enjoy some tropical weather soon!","大家好！ 

 我希望你一切都好。 我在夏日的陽光下在這裡爆炸。 太熱了，但這是放鬆的理想天氣。 我一直在戶外度過很多時間，享受大自然。 這裡的海景很美，它們總是幫助我找到自己的鎮定。 這就像天堂的味道。 希望你們都做得很好，您可以盡快享受熱帶天氣！"
66,"nature, wave, sky","sky, wave, nature","
This photo is of a bright blue sky with a white-capped wave in the foreground. The wave is crashing onto a rocky shore, and there are trees in the background.","
Dear Friend,

I hope you're doing well. I've been enjoying my time here at the beach. The sky is so blue and the waves are so calming. I'm really getting in touch with nature. I feel so lucky to be able to experience this. I hope you're able to get away and enjoy some time in nature soon.

All the best,

[Your Name]","親愛的朋友， 

 我希望你一切都好。 我一直在海灘上度過時光。 天空是如此的藍色，海浪是如此平靜。 我真的與大自然保持聯繫。 我很幸運能夠體驗到這一點。 希望您能夠盡快擺脫自然界的享受。 

 一切順利， 

 [你的名字]"
67,"nature, sand, fair weather, photograph, sea, ocean, island","ocean, nature, island, sea, fair weather, sand, photograph","
The photo is of an island in the ocean with sandy beaches and fair weather. The ocean and sky are blue, and the island is lush with vegetation.","
Dear friends,

I hope you're all doing well! I'm currently on a little island vacation and it's absolutely stunning here. The weather is fair and the water is so crystal clear. I've been doing a lot of swimming and sunbathing, and I just can't get enough of the ocean.

The island is fairly small, but there's plenty to do. I've been exploring the nature trails and taking lots of photographs. I'm also planning to visit the nearby sea life center tomorrow.

I'm having a great time and I hope you're all enjoying the summer as well!","親愛的朋友們， 

 希望你們都過得很好！ 我目前正在一個小島度假，這裡絕對令人驚嘆。 天氣很公平，水很清澈。 我一直在做很多游泳和曬日光浴，但我無法獲得足夠的海洋。 

 該島很小，但是有很多事情要做。 我一直在探索自然徑，並拍攝很多照片。 我還計劃明天去附近的海洋生物中心。 

 我度過了愉快的時光，希望你們也都過得愉快！"
68,"nature, sand, vacation, sky, seashore, ocean","nature, vacation, seashore, sky, sand, ocean","
This photo is of a seashore with a sky and ocean in the background. There is sand in the foreground.","
Hi friends!

I'm having the most amazing time on vacation! The nature here is so beautiful and the air is so fresh. I spend most of my time on the seashore, where the sky is so blue and the sand is so white. The ocean is so vast and peaceful. I'm so grateful to have this opportunity to relax and recharge.

 lots of love,
[Your Name]","嗨，朋友們！ 

 我度過了度假中最美好的時光！ 這裡的大自然是如此美麗，空氣是如此新鮮。 我大部分時間都花在海邊，那裡的天空是如此的藍色，沙子是如此的白色。 海洋是如此龐大和和平。 我很高興有這個機會放鬆和充電。 

  滿滿的愛， 
 [你的名字]"
69,"nature, idyllic, fair weather, sun, travel, recreation, hot, ocean, tropical","nature, hot, travel, idyllic, fair weather, tropical, recreation, ocean, sun, ocean","
This photo is of nature at its finest; a hot, tropical destination with an idyllic, fair weather day. The ocean and sun recreation make it the perfect place to escape.","
Greetings from sunny Florida!

I'm having a blast here soaking up the hot sun and enjoying all the tropical recreation the ocean has to offer. The weather has been absolutely perfect lately and I couldn't be happier.

I hope you're all doing well and enjoying the fair weather where you are. If you get a chance, come down and visit me here. I'm sure you'll love it!

Until then,

Your Friend","佛羅里達州陽光明媚的問候！ 

 我在這裡爆炸了，吸收了烈日，並享受了海洋所提供的所有熱帶娛樂活動。 最近的天氣絕對是完美的，我再也不會快樂了。 

 我希望你們都過得很好，並享受天氣晴朗的地方。 如果有機會，請下來拜訪我。 我確定你會喜歡的！ 

 直到那時， 

 你的朋友"
70,"evening, vacation, summer, sunset, ocean","vacation, sunset, ocean, evening, summer","
This photo depicts a beautiful sunset over the ocean, taken during an evening in summertime. It looks like the perfect end to a wonderful day of vacation.","
Hey friends!

I'm on vacation and having the time of my life! The sunset over the ocean is absolutely beautiful, and I'm enjoying every minute of it. I hope you're all doing well and enjoying the summer evenings!","嘿，朋友們！ 

 我正在度假，並度過一生！ 海洋上的日落絕對美麗，我很享受它的每一分鐘。 希望你們都過得愉快，並享受夏天的夜晚！"
71,"landscape, vacation, travel, surf, summer, beach","surf, vacation, travel, landscape, summer, beach, travel","
This photo was taken during a summer vacation at the beach. It captures the surf and the beautiful landscape.","
Dear friends,

We're having the time of our lives on our surf vacation! The landscape here is breathtaking and the beach is absolutely perfect. We're loving every minute of our summer travel!","親愛的朋友們， 

 我們在衝浪假期中度過了一生！ 這裡的景觀令人嘆為觀止，海灘絕對是完美的。 我們喜歡夏季旅行的每一分鐘！"
72,"nature, sand, fair weather, sun, travel, water, sunset, ocean","sand, water, sand, ocean, fair weather, sunset, sun, nature, travel","
This photo is of a beautiful sandy beach at sunset. The sun is setting and the waves are crashing onto the shore.","
Hey friends!

I'm having a great time at the beach! The sand is so soft and the water is so refreshing. The sunset is beautiful and the weather is perfect. I'm really enjoying being in nature and getting away from everything.

I hope you're all doing well and that you get to travel and enjoy the beauty of the world soon!

Lots of love,

Your Friend","嘿，朋友們！ 

 我在海灘度過了愉快的時光！ 沙子是如此柔軟，水很清爽。 日落很美，天氣很完美。 我真的很喜歡大自然，擺脫一切。 

 我希望你們都過得很好，您可以旅行並儘快享受世界的美麗！ 

 滿滿的愛， 

 你的朋友"
73,"sand, vacation, travel, summer, beach, people","vacation, sand, travel, people, sand, summer, beach","
This photo was taken on vacation at the beach. The sand is a beautiful golden color and the water is a deep blue. There are people walking on the beach and in the distance you can see the buildings of the city. The summer sun is shining brightly and the sky is clear.","
Hey friends!

I'm on vacation at the beach and it's so much fun! The sand is really warm and the water is so blue. I've been meeting lots of new people and it's just been a great experience overall. I really recommend coming here if you get the chance. It's the perfect place to relax and enjoy the summer.

Hope to hear from you soon,

Your Friend","嘿，朋友們！ 

 我在海灘度假，這很有趣！ 沙子真的很溫暖，水是如此藍。 我遇到了很多新朋友，總體上是一次很棒的體驗。 我真的建議您有機會來這裡。 這是放鬆和享受夏天的理想場所。 

 希望早日收到你的消息， 

 你的朋友"
74,"sea, summer, sun, lifestyle","summer, sea, lifestyle, sun","
The photo shows a group of friends enjoying a summer day at the beach. They are all smiles as they lounge in the sun and take in the beautiful sea view. The bright colors and carefree atmosphere of the photo represent the summer lifestyle perfectly.","
Hi friends!

I hope you're all having a great summer! I'm loving the weather and spending as much time as possible by the sea. It's just the best lifestyle, isn't it? Sun, sand, surf... what more could you ask for?

Hope you're all enjoying the season as much as I am!

Love,

Your Friend","嗨，朋友們！ 

 希望你們都度過一個愉快的夏天！ 我熱愛天氣，並在海上度過盡可能多的時間。 這只是最好的生活方式，不是嗎？ 太陽，沙子，衝浪...您還能要求什麼？ 

 希望你們都像我一樣享受這個季節！ 

 愛， 

 你的朋友"
75,"dusk, leisure, travel, summer, relaxation, beach, seashore, lake","leisure, relaxation, dusk, beach, seashore, travel, summer, lake","
This photo depicts a person enjoying the sunset at the beach. They are relaxing and the scenery is calming, possibly after a long day of travel. The photo was taken in the summertime, most likely near a lake or seashore.","
Hi friends!

I'm having a great time relaxing at the beach. The weather is perfect and the view is stunning. I can't wait to travel more this summer and explore different lakes and seashores. I hope you're all doing well and enjoying your summer as much as I am!","嗨，朋友們！ 

 我在海灘上度過了愉快的時光。 天氣是完美的，風景令人嘆為觀止。 我等不及要在今年夏天旅行更多，並探索不同的湖泊和海洋。 希望你們都過得很好，並儘我所能享受夏天！"
76,"nature, landscape, fair weather, sun, seashore","seashore, landscape, fair weather, sun, nature","
This is a photo of a seashore landscape in fair weather with the sun shining.","
Hi friends, 

I hope you're all doing well! I'm currently at the seashore and it's absolutely beautiful here. The landscape is so picturesque and the weather is fair. The sun is shining and I'm surrounded by nature. It's really a paradise. I wish you were here with me!","嗨，朋友們， 

 希望你們都過得很好！ 我目前在海邊，這裡絕對美麗。 風景是如此風景如畫，天氣也很公平。 陽光明媚，我被大自然所包圍。 這確實是一個天堂。 我希望你在這裡陪我！"
77,"silhouette, vacation, surf, sea, dawn, relaxation, sun, ocean","dawn, vacation, ocean, sun, sea, ocean, surf, silhouette, relaxation","
The photo shows the sun rising over the ocean during a vacation. The sea is calm and the surf is gently crashing onto the shore. The silhouette of a person is relaxing on the beach.","
Dear Friends, 

I hope you are all doing well. I am currently on vacation and it has been lovely. I have been spending a lot of time by the ocean and it has been so relaxing. The sunsets here are absolutely beautiful. I have been watching the sun set every night and it never gets old. The silhouette of the mountains against the sky is just breathtaking. I can't wait to show you all the pictures I've taken. I hope you all have a great week.

Love, 
[Your Name]","親愛的朋友們， 

 希望大家一切都好。 我目前正在度假，很可愛。 我一直在海洋上度過很多時間，它一直很放鬆。 這裡的日落絕對美麗。 我每天晚上都在看太陽，它永遠不會變老。 山上的輪廓朝著天空般令人嘆為觀止。 我等不及要向您展示我拍攝的所有照片。 希望大家度過一個愉快的一周。 

 愛， 
 [你的名字]"
78,"water, summer, sky, sun, ocean","sky, water, summer, ocean, sun","
The photo shows the sky, water, and sun. The photo was taken in summer near the ocean.","
Hi friends!

I hope you're all doing well! I'm having a great time here in the summer sun! The ocean water is so blue and the sky is so bright. I'm really enjoying myself!

Hope you're all having a great summer too!

Best,

Your Friend","嗨，朋友們！ 

 希望你們都過得很好！ 我在夏日的陽光下度過了愉快的時光！ 海水是如此藍，天空是如此明亮。 我真的很開心！ 

 希望大家也度過一個愉快的夏天！ 

 最好的， 

 你的朋友"
79,"landscape, surf, sea, summer, sky, beach, couple","landscape, summer, sky, sea, couple, surf, beach","
This is a beautiful landscape of the summer sky and sea. In the foreground, there is a happy couple enjoying the surf and beach.","
Hi Friends!

I hope you're doing well! I'm having a great summer so far! I've been spending a lot of time outdoors, enjoying the nice weather. I've been to the beach a few times and it's been really lovely. The landscape is just beautiful, with the sky and sea being so blue. I even saw a couple surfing the other day, which was really cool.

I'm really enjoying my summer so far and I hope you are too!

Best,

[Your Name]","嗨，朋友們！ 

 我希望你一切都好！ 到目前為止，我度過了一個愉快的夏天！ 我一直在戶外度過很多時間，享受愉快的天氣。 我去過海灘幾次，真是太可愛了。 風景很漂亮，天空和海洋如此藍。 前幾天我什至看到一對夫婦在衝浪，這真的很酷。 

 到目前為止，我真的很喜歡我的夏天，希望您也是！ 

 最好的， 

 [你的名字]"
80,"vacation, travel, recreation, sea, seascape, sun, ocean, surfboarding","vacation, surfboarding, ocean, ocean, travel, sun, seascape, sea, recreation","
This photo is of a surfer on vacation, enjoying the sun and waves. The ocean is a beautiful blue and the coastline can be seen in the distance. This image is perfect for anyone who loves the ocean and enjoys spending time in the sun.","
Hey friends, 

I'm on vacation and loving it! The surfing is great and I can't get enough of the ocean. It's been so great to travel and see the sun and seascapes. The sea is so vast and blue and beautiful. It's been great to relax and enjoy some recreation. 

Hope you're all doing well! 

Miss you, 

Your Friend","嘿，朋友， 

 我正在度假，喜歡它！ 衝浪很棒，我無法獲得足夠的海洋。 旅行和看到陽光和海景真是太好了。 大海是如此大，藍色和美麗。 放鬆身心並享受一些娛樂活動真是太好了。 

 希望你們都過得很好！ 

 想你， 

 你的朋友"
81,"water, beach, sky, seascape","seascape, water, sky, beach","
This photo depicts a seascape, with water and sky meeting at the horizon line and a beach in the foreground. The photo has a calming feeling, with the muted colors of the sky and water. The beach is in the sun, and the shadow of the photographer is visible in the bottom left corner.","
Hi friends!

I'm currently enjoying the most beautiful seascape I've ever seen! The water is so blue and the sky is so clear. I feel so lucky to be able to enjoy the beach here.

I hope you're all doing well. I miss you all and can't wait to see you again.

Love,

Your Friend","嗨，朋友們！ 

 我目前正在享受我見過的最美麗的海景！ 水是如此的藍色，天空是如此晴朗。 我很幸運能夠在這裡享受海灘。 

 我希望你們都過得很好。 我想念你們所有人，等不及要再次見到你。 

 愛， 

 你的朋友"
82,"sea, dune, island, fair weather","island, fair weather, sea, dune","
In this photo, you can see an island in the fair weather, with the sea and a dune in the background.","
Hi Friends,

I hope all is well by you. I'm currently on an island and the weather has been fair. The sea looks beautiful and there's a really nice dune nearby. I'm having a great time here, wish you were all here with me!

Lots of love,","嗨，朋友們， 

 我希望你一切都好。 我目前在一個島上，天氣很公平。 大海看起來很漂亮，附近有一個非常不錯的沙丘。 我在這裡度過了愉快的時光，希望你們都和我在一起！ 

 滿滿的愛，"
83,"sand, water, sky, beach, sun, seascape","seascape, sky, beach, water, sun, sand","
This photo is a seascape of the sky, beach, and water. The sun is shining and the sand is visible.","
Hi friends,
 
I hope all is well with you. I've been having a great time here at the beach. The water is so blue and the sun is so bright. The sky is so clear and the sand is so white. I've never seen such a beautiful seascape. I'm getting a nice tan and I'm feeling so relaxed. I wish you were here with me. I'll be thinking of you.","嗨，朋友們， 
 
 我希望你一切安好。 我在海灘上度過了愉快的時光。 水是如此藍，太陽是如此明亮。 天空是如此晴朗，沙子是如此的白色。 我從未見過如此美麗的海景。 我得到了一個不錯的棕褐色，我感到很放鬆。 我希望你在這裡陪我。 我會想你的。"
84,"sun, seashore, beach, tropical","sun, tropical, seashore, beach","
This photo is of a tropical seashore at sunset. The sun is setting behind the palm trees and the water is a beautiful orange color.","
Hi friends!

I hope you're all doing well! I'm currently in a tropical location, enjoying the sun and the seashore. The beach is absolutely beautiful and I'm having a great time!

I hope you all get to experience a similar situation soon!

Take care!","嗨，朋友們！ 

 希望你們都過得很好！ 我目前在熱帶地點，享受陽光和海濱。 海灘絕對美麗，我度過了愉快的時光！ 

 希望大家能盡快體驗類似的情況！ 

 小心！"
85,"summer, leisure, dusk, dune","dusk, leisure, summer, summer, dune","
This is a photo of a dune at dusk during summer. People are walking and relaxing on the dune, enjoying the summer weather.","
Dear friends,

The summer evenings are getting longer and the air is growing more languid. I can't think of a better way to enjoy the summer than by spending lazy evenings on the dunes, watching the sun set over the sea.

There's something special about summer evenings. They always seem to bring out the best in people. Everyone is more relaxed and happy, and the air is charged with a sense of possibilities.

I can't think of a better way to spend summer evenings than in the company of good friends. So if you're ever in the area, please don't hesitate to drop by. We can relax on the dunes and watch the sun set over the sea, and enjoy the special atmosphere that summer evenings always seem to bring.","親愛的朋友們， 

 夏季晚上越來越長，空氣越來越疲軟。 我想不出一種比在沙丘上度過懶惰的夜晚，看著太陽落在海上的更好的享受夏天的方法。 

 夏季晚上有一些特別之處。 他們似乎總是能帶來最好的人。 每個人都更加放鬆和快樂，空氣充滿了可能的感覺。 

 我想不出比在好朋友的陪伴下度過夏天晚上更好的方式。 因此，如果您曾經在該地區，請不要猶豫。 我們可以在沙丘上放鬆身心，看著太陽落在大海上，並享受夏季晚上似乎總是帶來的特殊氛圍。"
86,"composure, storm, relaxation, sun, ocean, seascape","seascape, relaxation, storm, ocean, sun, composure, sun, ocean","
The photo is a seascape of the ocean during a storm. The sun is shining through the clouds, giving the ocean a calming and relaxing vibe despite the stormy weather.","
Hi friends,

I hope you're all doing well! I'm currently enjoying a lovely seascape and feeling very relaxed. The storm has passed and the ocean is calm and serene under the sun. I feel very peaceful and composed.

I hope you get to enjoy some time by the ocean soon too!

Take care,

Your Friend","嗨，朋友們， 

 希望你們都過得很好！ 我目前正在享受可愛的海景，並感到非常放鬆。 風暴已經過去，海洋在陽光下寧靜而寧靜。 我感到非常和平和組成。 

 希望您也能盡快在海邊度過一段時間！ 

 小心， 

 你的朋友"
87,"nature, travel, dawn, sky, seashore, tropical","travel, seashore, nature, tropical, dawn, sky, tropical","
This photo was taken at the seashore during dawn. The sky is very pretty with different colors because of the sun just starting to come up. The tropical nature around the seashore is very apparent in the photo.","
Dear friends, 

I'm having the best time here at the seashore! The nature is so beautiful and the air is so fresh and clean. I woke up early this morning and saw the most amazing dawn. The sky was a beautiful pink and orange, and the sun was just rising above the horizon. I'm really enjoying my time here in the tropics!","親愛的朋友們， 

 我在海邊度過了最美好的時光！ 大自然是如此美麗，空氣是如此新鮮和乾淨。 我今天清晨醒來，看到了最神奇的黎明。 天空是美麗的粉紅色和橙色，太陽正升起地平線。 我真的很喜歡在熱帶地區的時光！"
88,"freedom, water, summer, beach, turquoise","beach, freedom, water, water, turquoise, summer","
The photo is of a beach with turquoise water. The water is very calm and clear. The sky is a bright blue. There are some rocks in the water. The photo makes me feel summery and free.","
Hi friends,

I hope all is well! I've been having the best time at the beach lately. The water is so turquoise and the weather is perfect. I feel so free and happy here. I'm loving every minute of summer!

Hope to talk to you soon,

Your friend","嗨，朋友們， 

 我希望一切都好！ 我最近在海灘上度過了最美好的時光。 水是如此的綠松石，天氣很完美。 我在這裡感到非常自由和快樂。 我愛夏天的每一分鐘！ 

 希望盡快與您交談， 

 你的朋友"
89,"sand, fair weather, girl, sea, summer, beach, sun, seashore, tropical","girl, sun, summer, beach, seashore, fair weather, tropical, sea, fair weather, sand","
This photo shows a young girl enjoying a sunny summer day at the beach. The scene includes the seashore with beautiful tropical blue waters and sandy beaches. The weather is perfect with clear skies and bright sunshine.","
Hi friends,

I hope you're all doing well. I'm having a great time here at the beach. The weather is perfect and the water is so refreshing. I've been spending a lot of time in the sun, and I'm really starting to feel like a summer person. I can't wait to go back to the seashore again soon.

All the best,

Your Friend","嗨，朋友們， 

 我希望你們都過得很好。 我在海灘上度過了愉快的時光。 天氣是完美的，水很清爽。 我一直在陽光下度過很多時間，我真的開始感覺像個夏天的人。 我等不及要盡快再次回到海濱。 

 一切順利， 

 你的朋友"
90,"landscape, no person, sand, leisure, recreation, relaxation, seascape","sand, seascape, landscape, relaxation, no person, recreation, leisure","
This photo is of a sand landscapes with no people in it. It looks like a very relaxing place where you could go for a leisurely walk or recreation.","
Hello good friends,

I hope all is well. I am relaxing on a beautiful seashore and enjoying the lovely landscape. The sand is so white and the water so blue. It's lovely here and very relaxing. I'm getting a little recreation and leisure. I hope you are, too.

All the best,

Your friend","你好，好朋友， 

 我希望一切都好。 我在美麗的海邊放鬆身心，享受可愛的風景。 沙子是如此的白色，水那麼藍。 這裡很可愛，非常放鬆。 我得到了一些娛樂和休閒。 我也希望你也是。 

 一切順利， 

 你的朋友"
91,"island, seascape, beach","island, beach, seascape","
This photo depicts an island with a beautiful beach and serene seascape.","
Hi!

I hope all is well with you. I'm having a great time here on the island. The beach is absolutely beautiful and the seascape is just stunning. I wish you were here with me so we could enjoy it together.

Anyway, I should go. I just wanted to drop you a quick note to let you know I'm thinking of you.

Hope to talk to you soon.

Love,

Your Friend","你好！ 

 我希望你一切安好。 我在島上度過了愉快的時光。 海灘絕對美麗，海景令人驚嘆。 我希望您和我在一起，以便我們一起享受它。 

 無論如何，我應該去。 我只是想給您簡單的筆記，讓您知道我在想您。 

 希望盡快與您交談。 

 愛， 

 你的朋友"
92,"fun, nature, fair weather, vacation, travel, recreation, sky, sun","travel, fair weather, sky, recreation, sky, fun, sun, nature, vacation","
This is a photo of a group of people traveling on a fair weather day. They are enjoying the recreation and fun of the sun and nature on their vacation.","
Hi friends, 
I hope all is well! I'm having a great time on my vacation. The weather is beautiful and the skies are clear. I'm getting a lot of recreation and fun in the sun. Nature is really incredible here. I can't wait to come home and show you all the pictures!

All the best, 
Your Friend","嗨，朋友們， 
 我希望一切都好！ 我度假愉快。 天氣很美，天空很晴朗。 我在陽光下得到了很多娛樂和樂趣。 大自然在這裡真的很不可思議。 我等不及要回家給你看所有圖片！ 

 一切順利， 
 你的朋友"
93,"no person, composure, travel, water, sea, beach, seashore","seashore, composure, no person, water, sea, beach, travel","
This is a beautiful photo of the seashore. The water looks so peaceful and the beach is lovely. It's a great place to relax and enjoy the view.","
My dear friends,

I hope you are all well and have been enjoying your summer so far. I'm sorry I haven't written sooner, but I've been traveling and haven't had a chance to sit down and compose a proper letter.

I'm currently at the seashore and it is absolutely delightful. The weather is perfect and there's not a soul in sight. I'm particularly taken with the water today. The sea is so calm and the colors are so beautiful. I can't help but feel incredibly peaceful sitting here on the beach and watching the waves roll in.

I really must go now, but I just wanted to drop you all a quick note to let you know I'm thinking of you and to share a bit of my current happiness. I hope you're all doing well and that we can travel together again soon.

With fondest regards,

Your Friend","我親愛的朋友， 

 希望您一切都好，到目前為止一直在享受您的夏天。 對不起，我還沒有很早就寫信，但是我一直在旅行，沒有機會坐下來撰寫一封適當的信。 

 我目前在海邊，這絕對是令人愉快的。 天氣是完美的，看不見的靈魂。 今天我特別喜歡水。 大海是如此平靜，顏色是如此美麗。 我忍不住坐在海灘上，看著海浪滾滾而來。 

 我真的必須現在去，但是我只是想給你所有的簡單記錄，讓你知道我在想你，並分享我目前的幸福。 我希望你們都過得很好，我們可以盡快再次旅行。 

 有最愛的問候 

 你的朋友"
94,"fair weather, wave, vacation, sea, summer, Heaven","sea, wave, fair weather, summer, vacation, Heaven","
The photo is of a calm sea with small waves. The weather looks fair and it appears to be summertime. This could be a vacation spot and it looks like Heaven.","
Hi friends!

I hope all is well with you. I'm enjoying my summer vacation and the weather is fair. I've been spending a lot of time at the sea and it's been heavenly. The waves are so soothing and the air is so refreshing. I feel so lucky to be able to enjoy this beautiful place.

I hope you're all doing well and enjoy the rest of your summer.

Best,

[Your Name]","嗨，朋友們！ 

 我希望你一切安好。 我喜歡暑假，天氣很公平。 我一直在海上度過很多時間，這是天堂般的。 海浪是如此舒緩，空氣令人耳目一新。 我很幸運能夠享受這個美麗的地方。 

 希望你們都過得好，並享受夏天的餘下時間。 

 最好的， 

 [你的名字]"
95,"landscape, sky, beach, ocean, seashore, seascape","seascape, ocean, ocean, sky, seashore, beach, landscape","
This photo is a seascape of the ocean with a big sky and seashore in the foreground.","
Hi Friends, 

I hope you're all doing well! I'm having a great time here at the beach. The landscape is beautiful and the air smells so fresh. I'm really enjoying myself.

I walked along the seashore and took in the stunning ocean views. The ocean is so vast and blue. It's mesmerizing. I also went for a swim and it was refreshing.

The sky is so clear here and the stars are so bright at night. It's wonderful.

I'm really loving it here and I hope you all get to come visit soon.

Take care!","嗨，朋友們， 

 希望你們都過得很好！ 我在海灘上度過了愉快的時光。 風景很美，空氣聞起來很新鮮。 我真的很開心。 

 我沿著海邊行走，欣賞了壯麗的海景。 海洋是如此巨大和藍色。 令人著迷。 我也去游泳，令人耳目一新。 

 這裡的天空是如此晴朗，晚上星星非常明亮。 太好了。 

 我在這裡真的很喜歡它，希望大家能盡快來訪問。 

 小心！"
96,"evening, freedom, water, turquoise, beach, ocean, seashore, lake","evening, beach, ocean, turquoise, lake, beach, seashore, beach, freedom, water","
This photo was taken in the evening at the beach. You can see the ocean and the turquoise water of the lake. The seashore and the beach look very peaceful and calm. This photo makes me feel free and happy.","
Hi Friends,

I hope you're all doing well! I'm having a great time here at the beach. The ocean is so beautiful and the water is so clear and turquoise. I feel so free and relaxed here. I'm going to spend all evening walking along the seashore.

I miss you all and can't wait to see you again. Hope you can come visit me here soon!

Love,

Your Friend","嗨，朋友們， 

 希望你們都過得很好！ 我在海灘上度過了愉快的時光。 海洋是如此美麗，水是如此清澈和綠松石。 我在這裡感到很自由和放鬆。 我要整夜沿著海邊散步。 

 我想念你們所有人，等不及要再次見到你。 希望您能盡快來這裡拜訪我！ 

 愛， 

 你的朋友"
97,"sky, dawn, tropical","dawn, tropical, sky","
This photo was taken at dawn in a tropical location. The sky is a deep blue, and the sun is just starting to peek over the horizon. The colors are beautiful and soothing, and the overall mood is very calming.","
My dear friends,

I hope this postcard finds you in good spirits! I am currently in a place called Dawn, a tropical paradise that is home to some of the most stunning sunrises and sunsets you will ever see. The sky here is always ablaze with color, and it's truly a sight to behold.

I am having the time of my life here, and I wish you could all be here with me. If you ever get the chance to come to Dawn, I highly recommend it. You won't regret it, I promise.

Until we meet again,

Your Friend","我親愛的朋友， 

 我希望這張明信片能使您能夠充滿靈魂！ 我目前在一個名為Dawn的地方，這是一個熱帶天堂，是您將看到的一些最令人驚嘆的日出和日落的地方。 這裡的天空總是充滿顏色，這確實是一種景象。 

 我在這裡度過了一生，希望你們都可以和我在一起。 如果您有機會來黎明，我強烈建議您這樣做。 我保證，你不會後悔的。 

 直到我們再次見面， 

 你的朋友"
98,"nature, fair weather, composure, water, sunset, seashore","fair weather, sunset, seashore, nature, composure, water, water","
This photo was taken in fair weather, at sunset, near the seashore. It captured nature in a state of composure, with gentle waves in the water.","
My dearest friends, 

I hope this postcard finds you all in good health and high spirits! I'm currently enjoying the fair weather and stunning sunsets here at the seashore and revelling in the peacefulness that nature has to offer. I feel so much more composed and at ease when surrounded by water - it really is the perfect place for me to relax and recharge.

Wishing you all the best, 

Your Friend","我最親愛的朋友， 

 我希望這張明信片能使大家身體健康和興奮！ 我目前在海岸上享受晴朗的天氣和壯麗的日落，並陶醉於大自然所能提供的寧靜。 當被水包圍時，我感到更加組成和放鬆 - 這確實是我放鬆和充電的理想場所。 

 祝一切順利， 

 你的朋友"
99,"landscape, no person, surf, sea, sunset, sky, seashore, ocean","surf, sunset, landscape, ocean, seashore, no person, surf, sky, surf, sea","
The photo is of a sunset over the ocean, with the surf and seashore in the foreground. There are no people in the photo. The sky is a deep blue, and the sea is a deep blue-green. The surf is a light-colored froth.","
Hi friends, 

I'm having an incredible time here! The surfing is great and the sunsets are even better. Every day I go out and surf until the sun starts to set and then I just sit on my board and watch as the sky turns orange and the waves turn gold. It's an incredible landscape; there's just the ocean and the seashore and nothing else. It's so peaceful here without any people around. 

I hope you're all doing well and that you get to experience something like this soon!

All the best, 
[Your Name]","嗨，朋友們， 

 我在這裡度過了不可思議的時光！ 衝浪很棒，日落更好。 每天我出去沖浪，直到太陽開始落山，然後我只是坐在木板上，看著天空變成橙色，海浪變成了金色。 這是一個令人難以置信的風景； 只有海洋和海濱，別無其他。 這裡沒有周圍的人，這是如此和平。 

 希望你們都做得很好，並且您很快就會體驗類似的事情！ 

 一切順利， 
 [你的名字]"
